# Age (lower edge), Age (upper edge), Probability
15,25,0.006114373
25,35,0.014341268
35,45,0.017699993
45,55,0.01860422
55,65,0.018743638
65,75,0.016520765
75,85,0.007975742
85,95,0
